date,timestamp,period,period_type,count,houston_humidity_zscore,dallas_zscore,la_precipitation_zscore,nyc_precipitation_iqr,phoenix_humidity_iqr,philadelphia_pressure_zscore,nyc_pressure_iqr,seattle_wind_speed_zscore,la_precipitation_iqr,philadelphia_precipitation_iqr,nyc_precipitation_zscore,nyc_wind_speed_zscore,seattle_precipitation_zscore,nyc_pressure_zscore,dallas_precipitation_zscore,san antonio_zscore,philadelphia_pressure_iqr,phoenix_wind_speed_zscore,la_pressure_zscore,philadelphia_wind_speed_iqr,philadelphia_precipitation_zscore,seattle_humidity_iqr,phoenix_precipitation_zscore,houston_zscore,la_wind_speed_zscore,houston_humidity_iqr,seattle_humidity_zscore,houston_wind_speed_iqr,philadelphia_wind_speed_zscore,seattle_precipitation_iqr,la_pressure_iqr,phoenix_precipitation_iqr,houston_iqr,dallas_iqr,houston_pressure_zscore,seattle_pressure_iqr,dallas_precipitation_iqr,phoenix_pressure_iqr,houston_precipitation_zscore,seattle_pressure_zscore,dallas_pressure_iqr,dallas_wind_speed_zscore,seattle_wind_speed_iqr,san antonio_iqr,dallas_wind_speed_iqr,la_wind_speed_iqr,phoenix_wind_speed_iqr,phoenix_pressure_zscore,houston_pressure_iqr,seattle_temperature_iqr,houston_precipitation_iqr,nyc_wind_speed_iqr
2020-02-21 11:00:00,,,,,,,,,,,,,,,,,,,,,,,,,,,,,,,,,,,,,,,3.0866643966921905,,,,,,,,,,,,,,1034.2,,,
2019-01-17 09:00:00,,,,,,,4.193230566413899,,,,,,0.0541,,,,,,,,,,,,,,,,,,,,,,,,,,,,,,,,,,,,,,,,,,,
2018-08-21 22:00:00,,,,,,,,,,,,,,,,,,,,,,,,,,,,,,,,,,,,,,,,,,,,,,,,10762.32,,,,,,,,
2019-01-16 11:00:00,,,,,,,,,,,,,0.0212,,,,,,,,,,,,,,,,3.187769433872375,,,,,,,,,,,,,,,,,,,,,9.65,,,,,,
2019-10-22 01:00:00,,,,,,,,,,,,,,,,,,,,,,,,,,,,,,,,,,0.0302,,,,,,,,,,,,,,,,,,,,,,
2020-03-31 04:00:00,,,,,,,,,,,,,,,,,,,,,,,,,,,,,,,,,,,,,,,,,,,,,,,12.73,,,,,,,,,
2019-04-04 00:00:00,,,,,,,,,,,,3.301259765773183,,,,,,,,,,,,,,,,,,,,,,,,,,,,,,,,,,,13.67,,,,,,,,,
2019-09-12 18:00:00,,,,,,,,,,,,,,,,,,,,,,,,,,,,,,,,,,,,,18080.68,22087.87,,,,,,,,,,11175.9,,,,,,,,
2018-09-09 07:00:00,,,,,,,,,,,,,,,,,,,,,,,,,,,,,,,,,,,,,,,,,,,,,,,,,,,,,,,0.0199,
2019-08-10 20:00:00,,,,,,,,,,,,,,,,,,,,,,,,,,,,,,,,,,,,,18515.81,22586.24,,,,,,,,,,11631.83,,,,,,,,
2019-01-04 18:00:00,,,,,,,,,,,,3.4069394851775763,,,,,,,,,,,,,,,,,,,,,,,,,,,,,,,,,,,13.94,,,,,,,,,
2019-06-21 19:00:00,,,,,,,,,,,,,,,,,,,,,,,,,,,,,,,,,,,,,18413.03,22149.36,,,,,,,,,,10953.25,,,,,,,,
2019-09-13 15:00:00,,,,,,,,,,,,,,,,,,,,,,,,,,,,,,,,,,,,,18151.63,,,,,,,,,,,,,,,,,,,
2019-08-15 17:00:00,,,,,,,,,,,,,,,,,,,,,,,,,,,,,,,,,,,,,19659.44,23684.37,,,,,,,,,,11986.87,,,,,,,,
2018-12-08 23:00:00,,,,,,,,,,,,,,,,,,,,,,,,,,,,,,,,,,,1025.1,,,,,,,,,,,,,,,,,,,,,
2020-01-14 18:00:00,,,,,,,,,,,,,,,,,,,,,,,,,,,,,,,,,,,,,,,,,,,,,,,,,,,,,,,0.0236,
2019-07-08 03:00:00,,,,,,,,,,,,,,0.0289,,,,,,,,,,,,,,,,,,,,,,,,,,,,,,,,,,,,,,,,,,
2020-02-27 22:00:00,,,,,,,,,,,,,,,,,,,,,,,,17.83,,,,,,,,,3.3119983759890648,,,,,,,,,,,,,,,,,,,,,,,
2019-09-15 13:00:00,,,,,,,,,,,,,,,,,,,,,,,,,,,,,,,,,,0.0161,,,,,,,,,,,,,,,,,,,,,,
2020-04-01 04:00:00,,,,,,,,,,,,,,,,,,,,,,,,,,,,,,,,,,0.0198,,,,,,,,,,,,,,,,,,,,,,
2018-11-10 00:00:00,,,,,,,,,,,,,,,,,,,,,,,,,,,,,,,,,,,,,,,,,,,,,,,,,,,,,,,0.0131,
2019-03-23 09:00:00,,,,,,,,,,,,,,,,,,,,,,,,15.87,,,,,,,,,,,,,,,,,,,,,,,,,,,,,,,,
2018-06-21 18:00:00,,,,,,,,,,,,,,,,,,,,,,,,,,,,,,,,,,,,,,23230.19,,,,,,,,,,,,,,,,,,
2019-12-28 18:00:00,,,,,,,,,,,,,,,,,,,,,,,,,,,,,,,,,,,,,,,,,0.0334,,,,,,,,,,,,,,,
2019-12-10 13:00:00,,,,,,,,,,,,,,,,,,,,,,,,,,,,,,,,,,,,,,,,,0.0474,,,,,,,,,,,,,,,
2019-06-15 02:00:00,,,,,,,,,,,,,,0.2935,,,,,,,,,,,9.354173171466169,,,,,,,,,,,,,,,,,,6.531259369281812,,,,,,,,,,,,0.4334,
2019-03-26 07:00:00,,,,,,,,,,,,,,,,,,,,,,,,,,,,,,,,,,0.0334,,,,,,,,,,,,,,,,,,,,,,
2019-08-20 00:00:00,,,,,,,,0.0316,,,,,,,,,,,,,,,,,,,,,,,,,,,,,,,,,,,,,,,,,,,,,,,,
2019-10-31 16:00:00,,,,,,,,0.0271,,,,,,,,,,,,,,,,,,,,,,,,,,,,,,,,,,,,,,,,,,,,,,,,
2018-10-28 06:00:00,,,,,,,,,,,,,,,,,,,,,,,,,,,,,,,,,,0.0224,,,,,,,,,,,,,,,,,,,,,,
2018-11-13 17:00:00,,,,,,,,,,,,,,,,,,,,,,,,,,,,,,,,,,,,,,,,,,1031.9,,,,,,,,,,3.5523056949703835,,,,
2018-08-22 10:00:00,,,,,,,,0.0419,,,,,,,,,,,,,,,,,,,,,,,,,,,,,,,,,,,,,,,,,,,,,,,,
2019-09-27 20:00:00,,,,,,,,,,,,,,,,,,,,,,,,,,,,,,,,,,,,,,,,,,,,,,,,,,,,,,,0.0164,
2019-08-10 13:00:00,,,,,,,,,,,,,,,,,,,,,,,,,,,,,,,,,,,,,18257.75,,,,,,,,,,,,,,,,,,,
2018-08-18 10:00:00,,,,,,,,0.5037,,,,,,,13.39530707824922,,,,,,,,,,,,,,,,,,,,,,,,,,,,,,,,,,,,,,,,,
2019-02-15 08:00:00,,,,,,,,,,,,,,,,,,,,,,,,,,,,,,,,,,0.0175,,,,,,990.7,,,,4.178503840240869,,,,,,,,,,,,
2020-02-07 09:00:00,,,,,,,,0.0148,,,996.9,,,,,,,,,,,,,,,,,,,,,,,,,,,,,,,,,,,,,,,,,,,,,
2019-08-30 16:00:00,,,,,,,,,,,,,,,,,,,,,,,,,,,,,,,,,,,,,19045.41,,,,,,,,,,,11737.27,,,,,,,,
2020-04-26 05:00:00,,,,,,,,,,,,3.1799237916422123,,,,,,,,,,,,,,,,,,,,,,,,,,,,,,,,,,,13.36,,,,,,,,,
2019-06-21 03:00:00,,,,,,,,,,,,,,0.0198,,,,,,,,,,,,,,,,,,,,,,,,,,,,,,,,,,,,,,,,,,
2019-09-25 18:00:00,,,,,,,,,,,,,,,,,,,,,,,,,,,,,,,,,,,,,,22920.47,,,,,,,,,,11431.43,,,,,,,,
2018-10-03 14:00:00,,,,,,,,,,,,,,0.0079,,,,,,,,,,,,,,,,,,,,,,,,,,,,,,,,,,,,,,,,,,
2018-10-21 22:00:00,,,,,,,,,,,,,,,,3.105714747692413,,,,,,,,,,,,,,,,,,,,,,,,,,,,,,,,,,,,,,,,19.71
2018-06-08 17:00:00,,,,,,,,,,,,,,,,,,,,,,,,,,,,,,,,,,,,,18668.44,,,,,,,,,,,11103.22,,,,,,,,
2019-10-21 05:00:00,,,,,,,,0.0177,,,,,,0.0494,,,,,,,,,,,,,,,,,,,,,,,,,,,,,,,,,,,,,,,,,,
2019-08-05 14:00:00,,,,,,,,,,,,,,,,,,,,,,,,,,,,,,,,,,,,,18738.76,,,,,,,,,,,11045.53,,,,,,,,
2019-10-21 10:00:00,,,,,,,,,,,,,,,,,,,3.0286541732838743,,,,,,,,,,,,,,,,,,,,,,0.0755,,,,,,,,,,,,,,,
2018-07-05 18:00:00,,,,,,,,,,,,,,,,,,,,,,,,,,,,,,,,,,,,,,22809.88,,,,,,,,,,,,,,,,,,
2019-07-23 11:00:00,,,,,,,,,,,,,0.0077,,,,,,,,,,,,,,,,,,,,,,,,,,,,,,,,,,,,,,,,,,,
2019-07-15 05:00:00,,,,,,,,,,,,,,,,,,,,,,,,,,,,,,,,,,,,,,,,,,,,,,,,,,,,,,,0.0444,
2018-07-18 03:00:00,,,,,,,,0.0363,,,,,,,,,,,,,,,,,,,,,,,,,,,,,,,,,,,,,,,,,,,,,,,,
2018-08-05 18:00:00,,,,,,,,,,,,,,,,,,,,,,,,,,,,,,,,,,,,,,22563.99,,,,,,,,,,,,,,,,,,
2019-03-31 14:00:00,,,,,,,,,,,,,,,,,,,,,,,,,,,,,,,,,,,,,,,,,,,,,,,,,,,,,,,0.0177,
2020-03-07 21:00:00,,,,,,,,,,,,,0.0052,,,,,,,,,,,15.08,,,,,,,,,,,,,,,,,,,,,,,,,,,,,,,,
2018-08-17 20:00:00,,,,,,,,,,,,,,,,,,,,,,,,,,,,,,,,,,,,,,21900.35,,,,,,,,,,11245.33,,,,,,,,
2019-02-12 21:00:00,,,,,,,,0.0374,,,,,,,,,3.1480769124714545,,,,,,,,,,,,,,,,,0.0417,,,,,,,,,,,,,,,,,,,,,,
2020-01-28 07:00:00,,,,,,,,,,,,,,,,,4.110395451208988,,,,,,,,,,,,,,,,,0.0525,,,,,,,,,,,,,,,,,,,,,,
2018-06-02 16:00:00,,,,,,,,,,,,,,,,,,,,,,,,,,,,,,,,,,,,,18169.44,22803.78,,,,,,,,,,10936.26,,,,,,,,
2019-02-07 22:00:00,,,,,,,,,,,,,,,,,,,,,,,,,,,,,,,,,,,,,,,,,,1027.4,,,,,,,,,,,,,,
2019-03-02 17:00:00,,,,,,,,0.0254,,,,,,,,,,,,,,,,,,,,,,,,,,,,,,,,,,,,,,,,,,,,,,,,
2018-06-14 19:00:00,,,,,,,,,,,,,,,,,,,,,,,,,,,,,,,,,,,,,,22468.4,,,,,,,,,,10802.88,,,,,,,,
2019-11-30 03:00:00,,,,,,,,,,,,,,,,,,,,,,,,,,,,,,,,,,,,,,,,,0.021,,,,,,,,,,,,,,,
2019-07-04 06:00:00,,,,,,,,,,,,,,,,,,,,,,3.3091508612450466,,,,,,,,,,,,,,,,,,,,,,,,,,,,,8.72,,,,,
2019-07-12 07:00:00,,,,,,,,0.0899,,,,,,,,,,,,,,,,,,,,,,,,,,,,,,,,,,,,,,,,,,,,,,,,
2020-04-02 22:00:00,,,,,,,,,,,,,,,,,,,,,,,,16.82,,,,,,,,,3.022647710983192,,,,,,,,,,,,,,,,,,,,,,,
2019-12-09 10:00:00,,,,,,,,,95.0,,,,0.0049,,,,,,,,,,,,,,,,,,,,,,,,,,,,,,,,,,,,,,,,,,,
2018-08-17 21:00:00,,,,,,,,,,,,,,,,,,,,,,,,,,,,,,,,,,,,,,,,,,,,,,,,10752.21,,,,,,,,
2019-08-09 14:00:00,,,,,,,,,,,,,,,,,,,,,,,,,,,,,,,,,,,,,19904.62,23092.56,,,,,,,,,,11347.42,,,,,,,,
2019-02-04 23:00:00,,,,,,,,,,,,3.2190644284586547,0.0397,,,,,,,,,,,,,,,,,,,,,0.0138,,,,,,,,,,,,,13.46,,,,,,,,,
2019-06-28 18:00:00,,,,,,,,,,,,,,,,,,,,,,,,,,,,,,,,,,,,,,21861.53,,,,,,,,,,,,,,,,,,
2019-08-21 17:00:00,,,,,,3.069534486021791,,,,,,,,,,,,,,,,,,,,,,,,,,,,,,,19044.75,24819.25,,,,,,,,,,11925.05,,,,,,,,
2019-12-11 14:00:00,,,,,,,,,,,,,,0.0346,,,,,,,,,,,,,,,,,,,,,,,,,,,,,,,,,,,,,,,,,,
2020-04-06 01:00:00,,,,,,,,,,,,,0.022,,,,,,,,,,,,,,,,,,,,,,,,,,,,,,,,,,,,,,,,,,,
2019-09-23 16:00:00,,,,,,,,,,,,,,,,,,,,,,,,,,,,,,,,,,,,,,22135.86,,,,,,,,,,11156.52,,,,,,,,
2020-03-07 00:00:00,,,,,3.382316885568064,,,,,,,,,,,,,,,,,,,,,,,,,15.0,,,,,,,,,,,,,,,,,,,,,,,1031.5,,,
2020-01-22 11:00:00,,,,,,,,,,,,,,,,,,,,,,,,,,,,,,,,,,,,,,,,,0.0371,,,,,,,,,,,,,,,
2020-04-29 21:00:00,,,,,,,,,,,,,,,,,,,,,,,,,,,,,,,,,,,,,,,,,,,,,,,,,,,,,,,0.0191,
2019-04-09 18:00:00,,,,,,,,,,,,,,,,,,,,,,,,,,,,,,,,,,0.0237,,,,,,,,,,,,,,,,,,,,,,
2019-08-08 13:00:00,,,,,,,,,,,,,,,,,,,,,,,,,,,,,,,,,,,,,19116.66,,,,,,,,,,,,,,,,,,,
2019-07-31 15:00:00,,,,,,,,,,,,,,,,,,,,,,,,,,,,,,,,,,,,,18789.21,23191.11,,,,,,,,,,11607.41,,,,,,,,
2020-01-08 14:00:00,,,,,,,,,,,,,,,,,,,,,,,,,,,,,,,,,,0.0175,,,,,,,,,,,,,,,,,,,,,,
2018-07-06 23:00:00,,,,,,,,,,,,,,,,,,,,,,,,,,,,,,,,,,,,,,,,,,,,,,,,,,,7.13,,,,,
2018-11-13 09:00:00,,,,,,,,0.0118,,,,,,0.0479,,,,,,,,,,,,,,,,,,,,,,,,,,,,,,,,,,,,,,,,,,
2019-09-01 17:00:00,,,,,,,,,,,,,,,,,,,,,,,,,,,,,,,,,,,,,18344.11,,,,,,,,,,,,,,,,,,,
2019-10-15 00:00:00,,,,,,,,,,,,,,,,,,,,,,,,,,,,,,,,,,,,,,,,,,,,,,,,,,,,,,,0.0591,
2019-07-15 12:00:00,,,,,,,,,,,,,,,,,,,,,,,,,,,,,,,,,,,,,,,,,,,,,,,,,,,,,,,0.0305,
2019-02-24 00:00:00,,,,,,,,,,,,,,,,,,,,,,,,,,,,,,,,,,,,,,,,,,1027.5,,,,,,,,,,,,,,
2018-07-21 19:00:00,,,,,,3.0892167814906846,,,,,,,,,,,,,,,,,,,,,,,,,,,,,,,18554.4,24891.37,,,,,,,,,,11579.04,,,,,,,,
2018-06-25 16:00:00,,,,,,,,,,,,,,,,,,,,,,,,,,,,,,,,,,,,,,21833.49,,,,,,,,,,,,,,,,,,
2018-09-10 17:00:00,,,,,,,,,,,,,,0.0085,,,,,,,,,,,,,,,,,,,,,,,,,,,,,,,,,,,,,,,,,,
2019-02-20 01:00:00,,,,,,,,,,,,,,,,,,,,,,,,,,,,,,,,,,,,,,,,,0.0448,,,,,,,,,,,,,,,
2019-05-08 06:00:00,,,,,,,,0.0265,,,,,,,,,,,,,,,,,,,,,,,,,,,,,,,,,,,,,,,,,,,,,,,0.176,
2019-08-08 21:00:00,,,,,,,,,,,,,,,,,,,,,,,,,,,,,,,,,,,,,18182.42,,,,,,,,,,,11594.87,,,,,,,,
2019-06-22 15:00:00,,,,,,,,,,,,,,,,,,,,,,,,,,,,,,,,,,,,,17934.09,,,,,,,,,,,,,,,,,,,
2019-03-05 03:00:00,,,,,,,,,,,,,,,,,,,,,,,,,,22.0,,,,,3.421307239533346,,,,,,,,,,,,,,,,,,,,,,,,,
2020-01-25 19:00:00,,,,,,,,,,,,,,0.2483,,,,,,,,,,15.77,7.867076664844591,,,,,,,,,0.0139,,,,,,,,,,,,,,,,,,,,,,
2018-05-31 16:00:00,,,,,,,,,,,,,,,,,,,,,,,,,,,,,,,,,,,,,18908.91,21822.79,,,,,,,,,,11065.73,,,,,,,,
2018-07-26 16:00:00,,,,,,,,,,,,,,,,,,,,,,,,,,,,,,,,,,,,,19642.81,24450.05,,,,,,,,,,11207.92,,,,,,,,
2019-08-31 18:00:00,,,,,,,,,,,,,,,,,,,,,,,,,,,,,,,,,,,,,,,,,,,,,,,,11162.28,,,,,,,,
2019-08-15 20:00:00,,,,,,,,,,,,,,,,,,,,,,,,,,,,,,,,,,,,,18611.16,22437.78,,,,,,,,,,11263.24,,,,,,,,
2019-08-05 22:00:00,,,,,,,,,,,,,,,,,,,,,,,,,,,,,,,,,,,,,,,,,,,,,,,,10719.53,,,,,,,,
2019-08-23 18:00:00,,,,,,,,,,,,,,,,,,,,,,,,,,,,,,,,,,,,,,,,,,,,,,,,12048.97,,,,,,,,
2019-08-09 13:00:00,,,,,,,,,,,,,,,,,,,,,,,,,,,,,,,,,,,,,19119.34,21831.15,,,,,,,,,,10690.66,,,,,,,,
2019-05-08 17:00:00,,,,,,,,,,,,,,,,,,,3.1629023355316623,,,,,,,,,,,,,,,,,,,,,,0.0785,,,,,,,,,,,,,,,
2019-02-25 07:00:00,,,,,,,,,,,,,,,,,,,,,,,,15.01,,,,,,,,,,,,,,,,,,,,,,,,,,,,,,,,
2018-10-12 15:00:00,,,,,,,,0.0246,,,,,,,,,,,,,,,,,,,,,,,,,,,,,,,,,,,,,,,,,,,,,,,,
2018-12-06 05:00:00,,,,,,,4.0507729664769885,,,,,,0.0524,,,,,,,,,,,,,,,,,,,,,,,,,,,,,,,,,,,,,,,,,,,
2018-07-30 18:00:00,,,,,,,,,,,,,,,,,,,,,,,,,,,,,,,,,,,,,19202.41,,,,,,,,,,,12164.62,,,,,,,,
2019-09-09 14:00:00,,,,,,,,,,,,,,,,,,,,,,,,,,,,,,,,,,,,,18315.92,,,,,,,,,,,,,,,,,,,
2019-07-03 16:00:00,,,,,,,,,,,,,,,,,,,,,,,,,,,,,,,,,,,,,,,,,,,,,,,,,,,,,,,0.0242,
2019-07-23 10:00:00,,,,,,,,0.0472,,,,,,,,,,,,,,,,,,,,,,,,,,,,,,,,,,,,,,,,,,,,,,,,
2019-01-01 21:00:00,,,,,,,,,,,,,,,,,,,,,,,,15.46,,,,,,,,,,,,,,,,,,,,,,,,,,,,,,,,
2019-08-20 13:00:00,,,,,,,,,,,,,,,,,,,,,,,,,,,,,,,,,,,,,,22575.15,,,,,,,,,,,,,,,,,,
2018-11-16 09:00:00,,,,,,,,,,,,,,0.0166,,,,,,,,,,,,,,,,,,,,,,,,,,,,,,,,,,,,,,,,,,
2019-05-09 02:00:00,,,,,,,,,,,,,,,,,,,,,,4.040698176436555,,,,,,,,,,,,,,,,,,,,,,,,,,,,,9.83,,,,,
2019-10-11 17:00:00,,,,,,,,,,,,,,,,,,,,,,,,,,,,,,,,,,,,,,,,,,,,,,,,,,,,,,,0.0218,
2020-01-19 01:00:00,,,,,,,,,,,,,,0.0224,,,,,,,,,,,,,,,,,,,,,,,,,,,,,,,,,,,,,,,,,,
2019-04-20 04:00:00,,,,,,,,,,,,,,0.0271,,,,,,,,,,15.57,,,,,,,,,,,,,,,,,,,,,,,,,,,,,,,,
2019-10-31 10:00:00,,,,,,,,,,,,,,,,,,,,,,,,,,,,,,,,,,,,,,,,,,,,,,,,,,,,,,,0.0882,
2019-07-12 05:00:00,,,,,,,,0.0711,,,,,,,,,,,,,,,,,,,,,,,,,,,,,,,,,,,,,,,,,,,,,,,,
2019-05-04 15:00:00,,,,,,,,,,,,,,,,,,,,,,,,,,,,,,,,,,,,,,,,,,,,,,,,,,,,,,,0.116,
2018-08-06 18:00:00,,,,,,,,,,,,,,,,,,,,,,,,,,,,,,,,,,,,,,23869.28,,,,,,,,,,11147.43,,,,,,,,
2018-09-09 22:00:00,,,,,,,,,,,,,,0.0288,,,,,,,,,,,,,,,,,,,,,,,,,,,,,,,,,,,,,,,,,,
2019-06-19 16:00:00,,,,,,,,,,,,,,,,,,,,,,,,,,,,,,,,,,,,,19916.25,,,,,,,,,,,11118.94,,,,,,,,
2019-11-19 05:00:00,,,,,,,,,,,,,,,,,3.1391665556312915,,,,,,,,,,,,,,,,,0.0416,,,,,,,,,,,,,,,,,,,,,,
2019-09-26 12:00:00,,,,,,,,,,,,,,,,,,,,,,,,,,,,,,,,,,,,0.016,,,,,,,,,,,,,,,,,,,,
2019-08-18 14:00:00,,,,,,,,,,,,,,,,,,,,,,,,,,,,,,,,,,,,,18021.27,21800.97,,,,,,,,,,,,,,,,,,
2018-08-19 19:00:00,,,,,,,,,,,,,,0.0145,,,,,,,,,,,,,,,,,,,,,,,17964.69,,,,,,,,,,,11486.5,,,,,,,,
2019-09-04 08:00:00,,,,,,,,,,,,,,,,,,,,,,,,,,,,,,,,,,,,,,,,,,,,,,,,,,,7.16,,,,,
2018-11-02 14:00:00,,,,,,,,,,,,3.136869091144126,,,,,3.1837183398321036,,,,,,,,,,,,,,,,,0.0421,,,,,,,,,,,,,13.25,,,,,,,,,
2019-10-15 13:00:00,,,,,,,,,,,,,,,,,,,,,,,,,,,,,,,,,,,,,,,,,0.0124,,,,,,,,,,,,,,,
2018-08-28 19:00:00,,,,,,,,,,,,,,,,,,,,,,,,,,,,,,,,,,,,,,23077.5,,,,,,,,,,11851.17,,,,,,,,
2019-01-02 22:00:00,,,,,,,,,,,,,,,,,,,,,,,,,,,,,,,,,,,,,,,,,,,,,,,,,,,,,,,0.1964,
2019-11-30 10:00:00,,,,,,,,,,,,,,,,,,,,,,,,,,,,,,,,,,,,,,,,,0.0131,,,,,,,,,,,,,,,
2020-02-07 01:00:00,,,,,,,,,,,,,,,,,3.486670472397624,,,,,,,,,,,,,,,,,0.0455,,,,,,,,,,,,,,,,,,,,,,
2019-08-14 19:00:00,,,,,,,,,,,,,,,,,,,,3.119058756999308,,,,,,,,,,,,,,,,,19337.31,22361.59,,,0.013,,,,,,,12506.75,,,,,,,,
2019-07-06 17:00:00,,,,,,,,,,,,,,,,,,,,,,,,,,,,,,,,,,,,,18547.64,,,,,,,,,,,,,,,,,,,
2019-09-24 00:00:00,,,,,,,,,,,,,,,,,,,,,,,,,,,,,,,,,,,,,,21985.2,,,,,,,,,,11167.78,,,,,,,,
2018-06-02 18:00:00,,,,,,,,,,,,,,,,,,,,,,,,,,,,,,,,,,,,,18051.72,23140.77,,,,,,,,,,11338.67,,,,,,,,
2019-02-15 11:00:00,,,,,,,,,,,,,,,,,,,,,,,,,,,,,,,,,,,,,,,,994.3,,,,3.626449084505195,,,,,,,,,,,,
2019-03-31 22:00:00,,,,,,,,,,,,,,0.0216,,,,,,,,,,,,,,,,,,,,,,,,,,,,,,,,,,,,,,,,,,
2019-07-08 01:00:00,,,,,,,,,,,,,,0.0212,,,,,,,,,,,,,,,,,,,,,,,,,,,,,,,,,,,,,,,,,,
2019-09-05 14:00:00,,,,,,,,,,,,,,,,,,,,,,,,,,,,,,,,,,,,,18996.21,,,,,,,,,,,,,,,,,,,
2019-01-21 14:00:00,,,,,,,,,,,,,,,,,,,,,,,,15.73,,,,,,,,,,,,,,,,,,,,,,,,,,,,,,,,
2020-03-29 00:00:00,,,,,,,,0.0224,,,,,,0.021,,,,,,,,,,,,,,,,,,,,,,,,,,,,,,,,,,,,,,,,,,
2019-03-04 10:00:00,,,,,,,,,,,,,,0.118,,,,,,,,,,,3.580159080490795,,,,,,,,,,,,,,,,,,,,,,,,,,,,,,,
2020-01-23 18:00:00,,,,,,,,,,,,,,,,,,,,,,,,,,,,,,,,,,0.0312,,,,,,,,,,,,,,,,,,,,,,
2019-10-01 16:00:00,,,,,,,,,,,,,,,,,,,,,,,,,,,,,,,,,,,,,18051.94,,,,,,,,,,,,,,,,,,,
2019-09-06 06:00:00,,,,,,,,,,,,,0.0065,,,,,,,,,,,,,,,,,,,,,,,,,,,,,,,,,,,,,,,,,,,
2019-08-09 18:00:00,,,,,,3.0128619197839845,,,,,,,,,,,,,,3.0464055504551477,,,,,,,,,,,,,,,,,19997.36,24611.59,,,,,,,,,,12373.39,,,,,,,,
2019-08-01 20:00:00,,,,,,,,,,,,,,,,,,,,,,,,,,,,,,,,,,,,,17980.53,,,,,,,,,,,11210.98,,,,,,,,
2019-08-19 19:00:00,,,,,,3.0670209815671527,,,,,,,,,,,,,,3.109693815333935,,,,,,,,,,,,,,,,,18778.6,24810.04,,,,,,,,,,12489.56,,,,,,,,
2018-11-09 16:00:00,,,,,,,,,,,,,,,,,,,,,,,,,,,,,,,,,,,,,,,,,,,,,,,,,,,,,,,0.063,
2019-08-14 23:00:00,,,,,,,,,,,,,,0.0304,,,,,,,,,,,,,,,,,,,,,,,,,,,,,,,,,,,,,,,,,,
2019-07-20 15:00:00,,,,,,,,,,,,,,,,,,,,,,,,,,,,,,,,,,,,,18967.14,,,,,,,,,,,,,,,,,,,
2018-06-03 20:00:00,,,,,,,,,,,,,,,,,,,,,,,,,,,,,,,,,,,,,,,,,,,,,,,,10724.91,,,,,,,,
2019-03-24 00:00:00,,,,,,,,,,,,,,,,,,,,,,,,15.12,,,,,,,,,,,,,,,,,,,,,,,,,,,,,,,,
2019-03-13 14:00:00,,,,,,,,,,,,,,,,,,,,,,,,,,,,,,,,,,,,,,,,,0.0238,,,,,3.0097359785713476,,,19.35,,,,,,,
2019-07-28 20:00:00,,,,,,,,,,,,,,,,,,,,,,,,,,,,,,,,,,,,,,,,,,,,,,,,10797.87,,,,,,,,
2020-03-30 13:00:00,,,,,,,,,,,,,,,,,,,,,,,,,,,,,,,,,,0.0142,,,,,,,,,,,,,,,,,,,,,,
2018-09-18 14:00:00,,,,,,,,,,,,,,0.0096,,,,,,,,,,,,,,,,,,,,,,,17978.49,,,,,,,,,,,,,,,,,,,
2019-09-18 19:00:00,,,,,,,,,,,,,,,,,,,,,,,,,,,,,,,,,,,,,,,,,,,,,,,,11439.81,,,,,,,,
2018-11-14 12:00:00,,,,,,,,,,,,,,,,,,,,,,,,,,,,,,,,,,,,,,,,,,,,,,,,,,,,,1033.0,,,
2018-07-24 00:00:00,,,,,,,,,,,,,,,,,,,,3.066088816445254,,,,,,,,,,,,,,,,,19000.36,23807.19,,,,,,,,,,12409.52,,,,,,,,
2018-06-06 16:00:00,,,,,,,,,,,,,,,,,,,,,,,,,,,,,,,,,,,,,18782.06,22789.18,,,,,,,,,,11515.0,,,,,,,,
2018-06-06 18:00:00,,,,,,,,,,,,,,,,,,,,,,,,,,,,,,,,,,,,,18415.46,22901.66,,,,,,,,,,11763.54,,,,,,,,
2020-02-29 05:00:00,,,,,,,,,,,,3.1094706453726166,,,,,,,,,,,,,,,,,,24.0,,,,,,,,,,,,,,,,,13.18,,,,,,,,,
2019-08-07 16:00:00,,,,,,3.0812723607876964,,,,,,,,,,,,,,,,,,,,,,,,,,,,,,,20111.73,24862.26,,,,,,,,,,11904.83,,,,,,,,
2020-02-10 10:00:00,,,,,,,,,,,,,,,,,,,,,,,,,,,,,,,,,,,,,,,,,0.0173,,,,,,,,,,,,,,,
2019-03-21 13:00:00,,,,,,,,,,,,,,0.013,,,,,,,,,,,,,,,,,,,,,,,,,,,,,,,,,,,,,,,,,,
2019-05-11 13:00:00,,,,,,,,,,,,,,,,,,,3.5701217610166203,,,,,,,,,,,,,,,,,,,,,,0.0876,,,,,,,,,,,,,,,
2019-08-01 00:00:00,,,,,,,,,,,,,,,,,,,,,,,,,,,,,,,,,,,,,,,,,,,,,,,,,,,,,,,0.0642,
2019-07-27 19:00:00,,,,,,,,,,,,,,,,,,,,,,,,,,,,,,,,,,,,,18071.05,,,,,,,,,,,,,,,,,,,
2018-08-23 19:00:00,,,,,,,,,,,,,,,,,,,,,,,,,,,,,,,,,,,,,18528.2,23159.38,,,,,,,,,,11974.6,,,,,,,,
2018-08-07 14:00:00,,,,,,,,,,,,,,,,,,,,,,,,,,,,,,,,,,,,,18236.33,22432.55,,,,,,,,,,,,,,,,,,
2020-03-05 01:00:00,,,,,,,,,,,,,,,,,,,,,,,,,,,,,,,,,,,,,,,,,,,,,,,,,,,,,,,0.034,
2019-04-16 22:00:00,,,,,,,,,,,,,,,,,,,,,,,,,,,,,,,,,,,,,,,,,,,,,,,,,,,7.22,,,,,
2019-02-22 02:00:00,,,,,,,,,,,,,,,,,,,,,,,3.193044604141426,,,,,,,,,,,,1002.9,,,,,,,,,,,,,,,,,,,,,
2020-03-10 21:00:00,,,,,,,,,,,,,,,,,,,,,,,,,,,,,,,,,,,,0.0081,,,,,,,,,,,,,,,,,,,,
2018-08-15 14:00:00,,,,,,,,,,,,,,,,,,,,,,,,,,,,,,,,,,,,,18390.13,,,,,,,,,,,,,,,,,,,
2019-08-16 22:00:00,,,,,,,,,,,,,,,,,,,,,,,,,,,,,,,,,,,,,,,,,,,,,,,,10870.4,,,,,,,,
2019-07-18 13:00:00,,,,,,,,,,,,,,,,,,,,,,,,,,,,,,,,,,,,,18586.98,,,,,,,,,,,,,,,,,,,
2018-11-04 15:00:00,,,,,,,,,,,,,,,,,,,,,,,,,,,,,,,,,,,,,,,,,,,,,,,,,,,,,,,0.0326,
2019-12-20 08:00:00,,,,,,,,,,,,,,,,,8.547753157609842,,,,,,,,,,,,,,,,,0.1023,,,,,,1000.9,,,,,,,,,,,,,,,,
2019-09-07 01:00:00,,,,,,,,0.0233,,,,,,,,,,,,,,,,,,,,,,,,,,,,,,,,,,,,,,,,,,,,,,,,
2019-07-22 06:00:00,,,,,,,,,,,,,,,,,,,,,,,,,,,,,,,,,,,,,,,,,,,,,,,,,,,,,,,0.0345,
2020-02-08 03:00:00,,,,,,,,,,,993.2,,,,,3.459583303340012,,3.1577534464466295,,,,,,,,,,,,,,,,,,,,,,,,,,,,,,,,,,,,,,21.0
2019-10-18 23:00:00,,,,,,,,,,,,,,,,,,,,,,,,,,,,,,,,,,0.029,,,,,,,,,,,,,,,,,,,,,,
2020-04-13 14:00:00,,,,,,,,0.0924,,,,,,,,,,,,,,,,,,,,,,,,,,,,,,,,,,,,,,,,,,,,,,,,
2019-02-22 13:00:00,,,,,,,,,94.0,,,,,,,,,,,,,,,,,,,,,,,,,,,,,,,,,,,,,,,,,,,,,,,
2019-09-20 21:00:00,,,,,,,,,,,,,,,,,,,,,,,,,,,,,,,,,,,,,,,,,,,,,,,,,,,,,,,0.031,
2020-04-10 06:00:00,,,,,,,,,,,994.9,,,,,,,,,,,,,,,,,,,,,,,,,,,,,,,,,,,,,,,,,,,,,
2018-06-07 14:00:00,,,,,,,,,,,,,,,,,,,,,,,,,,,,,,,,,,,,,18157.03,,,,,,,,,,,,,,,,,,,
2018-06-14 17:00:00,,,,,,,,,,,,,,,,,,,,,,,,,,,,,,,,,,,,,,23036.57,,,,,,,,,,11144.39,,,,,,,,
2019-08-16 17:00:00,,,,,,3.054000428089325,,,,,,,,,,,,,,3.1549549760994475,,,,,,,,,,,,,,,,,19372.97,24762.33,,,,,,,,,,12572.64,,,,,,,0.0346,
2018-10-13 03:00:00,,,,,,,,,,,,,,,,,,,,,,,,,,,,,,,,,,,,,,,,,0.0206,,,,,,,,,,,,,,,
2019-04-27 07:00:00,,,,,,,,0.0228,,,994.0,,,,,,,3.05519794074639,,,996.8,,,,,,,,,,,,,,,,,,,,,,,,,,,,,,,,,,,
2018-05-18 17:00:00,,,,,,,,,,,,,,,,,,,,,,,,,,,,,,,,,,,,,18378.77,,,,,,,,,,,,,,,,,,,
2019-07-12 20:00:00,,,,,,,,,,,,,,,,,,,,,,,,,,,,,,,,,,,,,17916.94,,,,,,,,,,,,,,,,,,,
2019-08-23 15:00:00,,,,,,,,,,,,,,,,,,,,,,,,,,,,,,,,,,,,,,22442.0,,,,,,,,,,11454.34,,,,,,,,
2019-04-10 02:00:00,,,,,,,,,,,,,,0.0096,,,,,,,,,,,,,,,,,,,,,,,,,,,,,,,,,,,,,,,,,,
2018-06-27 21:00:00,,,,,,,,,,,,,,,,,,,,,,,,,,,,,,,,,,,,,,22032.38,,,,,,,,,,,,,,,,,,
2019-09-28 21:00:00,,,,,,,,,,,,,,,,,,,,,,,,,,,,,,,,,,0.0148,,,,,,,,,,,,,,,,,,,,,,
2020-02-24 00:00:00,,,,,,,,,,,,,,,,,,,,,,,,,,,,,,,,,,,1025.3,,,,,,,,,,,,,,,,,,,,,
2020-02-04 03:00:00,,,,,,,,,,,,,,,,,,,,,,,,,,,,,3.1148705934316805,,,,,,,,,,,,,,,,,,,,,9.52,,,,,,
2018-08-06 19:00:00,,,,,,,,,,,,,,,,,,,,,,,,,,,,,,,,,,,,,,23522.14,,,,,,,,,,11055.55,,,,,,,,
2019-05-19 18:00:00,,,,,,,4.067532684116625,,,,,,0.0526,,,,,,,,,,,,,,,,,,,,,,,,,,,,,,,,,,,,,,,,,,,
2020-04-25 06:00:00,,,,,,,,,,,,,,,,,,,,,,,,,,,,,,,,,,,,,,,,,,,,,,,,,,,7.9,,,,,
2018-11-06 03:00:00,,,,,,,,,,,,,,0.0328,,,,,,,,,,,,,,,,,,,,,,,,,,,,,,,,,,,,,,,,,,
2019-12-12 16:00:00,,,,,,,,,,,,,,,,,,,,,1038.7,,,,,,,,,,,,,,,,,,,,,,,,,,,,,,,,,,,
2019-03-22 05:00:00,,,,,,,,,,,,,,,,,,,,,,,,,,,,,,22.0,,,,,,,,,,,,,,,,,,,,,,,,,,
2019-07-09 19:00:00,,,,,,,,,,,,,,,,,,,,,,,,,,,,,,,,,,,,,19155.94,23059.42,,,,,,,,,,10887.43,,,,,,,,
2019-08-20 20:00:00,,,,,,,,,,,,,,,,,,,,,,,,,,,,,,,,,,,,,,23748.65,,,,,,,,,,11630.44,,,,,,,,
2019-07-19 14:00:00,,,,,,,,,,,,,,,,,,,,,,,,,,,,,,,,,,,,,19242.9,,,,,,,,,,,,,,,,,,,
2020-01-10 00:00:00,,,,,,,,,,,1040.5,,,,,,,,,,,,,,,,,,,,,,,,,,,,,,,,,,,,,,,,,,,,,
2019-09-08 17:00:00,,,,,,,,,,,,,,,,,,,,,,,,,,,,,,,,,,,,,18754.06,22839.94,,,,,,,,,,11255.04,,,,,,,,
2019-07-29 20:00:00,,,,,,,,,,,,,,,,,,,,,,,,,,,,,,,,,,,,,,,,,,,,,,,,11359.35,,,,,,,,
2019-05-09 04:00:00,,,,,,,,,,,,,,,,,,,,,,5.128133374694203,,,,,,,,,,,,,,,,,,,,,,,,,,,,,11.48,,,,,
2019-08-31 19:00:00,,,,,,,,,,,,,,,,,,,,,,,,,,,,,,,,,,,,,,,,,,,,,,,,10930.55,,,,,,,,
2018-05-31 19:00:00,,,,,,,,,,,,,,,,,,,,,,,,,,,,,,,,,,,,,17902.7,21867.05,,,,,,,,,,11431.79,,,,,,,,
2019-01-01 18:00:00,,,,,,,,,93.0,,,,,,,,,,,,,,,,,,,,,,,,,,,,,,,,,,,,,,,,,,,,,,,
2018-07-27 17:00:00,,,,,,,,,,,,,,,,,,,,,,,,,,,,,,,,,,,,,19564.99,,,,,,,,,,,11629.39,,,,,,,,
2019-01-20 17:00:00,,,,,,,,,,3.1571322046497032,,,,0.0347,,,,,,,993.6,,,,,,,,,,,,,,,,,,,,,,,,,,,,,,,,,,,
2019-05-28 16:00:00,,,,,,,,,,,,,,,,,,,,,,,,,,,,,,,,,,,,,18572.87,,,,,,,,,,,,,,,,,,,
2019-07-04 04:00:00,,,,,,,,,,,,,,0.012,,,,,,,,,,,,,,,,,,,,,,,,,,,,,,,,,,,,,,,,,,
2019-09-12 16:00:00,,,,,,,,,,,,,,,,,,,,,,,,,,,,,,,,,,,,,18501.72,21764.58,,,,,,,,,,10772.22,,,,,,,,
2018-05-17 16:00:00,,,,,,,,,,,,,,,,,,,,,,,,,,,,,,,,,,,,,18486.73,,,,,,,,,,,,,,,,,,,
2019-02-10 20:00:00,,,,,,,,,,,1038.4,,,,,,,,,,,,,,,,,,,,,,,,,,,,,,,,,,,,,,,,,,,,,
2019-09-23 17:00:00,,,,,,,,,,,,,,,,,,,,,,,,,,,,,,,,,,,,,,22252.69,,,,,,,,,,11288.7,,,,,,,,
2018-12-28 18:00:00,,,,,,,,,,,,,,0.1322,,,,,,,,,,,4.047344266199344,,,,,,,,,,,,,,,,,,,,,,,,,,,,,,,
2018-07-05 16:00:00,,,,,,,,,,,,,,,,,,,,,,,,,,,,,,,,,,,,,,22288.98,,,,,,,,,,,,,,,,,,
2018-07-28 20:00:00,,,,,,,,,,,,,,,,,,,,,,,,,,,,,,,,,,,,,17887.72,,,,,,,,,,,11014.38,,,,,,,,
2020-03-08 06:00:00,,,,,,,,,,,,,,,,,,,,,,,,,,,,,,,,,,,,,,,,,,,,,,,,,,9.24,,,,,,
2019-02-03 05:00:00,,,,,,,,,,,,,,,,,,,,,,,,,,,,,,,,,,,,,,,,1000.7,,,,,,,,,,,,,,,,
2019-07-10 18:00:00,,,,,,,,,,,,,,,,,,,,,,,,,,,,,,,,,,,,,19470.08,23437.13,,,,,,,,,,11708.14,,,,,,,,
2018-06-24 00:00:00,,,,,,,,,,,,,,,,,,,,,,,,,,,,,,,,,,,,,,22302.75,,,,,,,,,,10802.47,,,,,,,,
2018-08-16 17:00:00,,,,,,,,,,,,,,,,,,,,,,,,,,,,,,,,,,,,,19099.93,23644.6,,,,,,,,,,11575.8,,,,,,,,
2020-01-21 13:00:00,,,,,,,,,,,,,,,,,,,,,,,,,,,,,,,,,,,,,,,,,,,,,,,,,,,,,1032.5,,,
2019-07-21 19:00:00,,,,,,,,,,,,,,,,,,,,,,,,,,,,,,,,,,,,,,22237.64,,,,,,,,,,11224.39,,,,,,,,
2018-07-23 17:00:00,,,,,,3.211333253072929,,,,,,,,,,,,,,3.1832295818256173,,,,,,,,,,,,,,,,,19803.79,25338.83,,,,,,,,,,12624.54,,,,,,,,
2018-12-16 22:00:00,,,,,,,,0.0193,,,,,,,,,,,,,,,,,,,,,,,,,,,,,,,,,,,,,,,,,,,,,,,,
2020-01-22 20:00:00,,,,,,,,,93.0,,,,,,,,,,,,,,,,,,,,,,,,,,,,,,,,,,,,,,,,,,,,,,,
2018-01-16 08:00:00,,,,,,,,,,,,,,,,,,,,,,,,,,,,,,,,,,,,,,21848.93,,,,,,,,,,,,,,,,,,
2018-07-18 16:00:00,,,,,,3.2425460114309077,,,,,,,,,,,,,,,,,,,,,,,,,,,,,,,19329.25,25453.2,,,,,,,,,,11656.34,,,,,,,,
2019-09-01 02:00:00,,,,,,,,,,,,,,,,,,,,,,,,,,,,,,,,,,,,,,,,,,,,,,,,,,,,,,,0.0206,
2018-09-17 00:00:00,,,,,,,,,,,,,,,,,,,,,,,,,,,,,,,,,,0.0158,,,,,,,,,,,,,,,,,,,,,,
2019-12-15 11:00:00,,,,,,,,,,,997.4,,,,,,,,,,,,,,,,,,,,,,,,,,,,,,,,,,,,,,,,,,,,,
2019-07-06 19:00:00,,,,,,,,,,,,,,0.0084,,,,,,,,,,,,,,,,,,,,,,,18070.39,,,,,,,,,,,,,,,,,,,
2019-07-14 02:00:00,,,,,,,,,,,,,,,,,,,,,,,,,,,,,,,,,,,,,,,,,,,,,,,,,,,,,,,0.0186,
2019-06-09 18:00:00,,,,,,,,,,,,,,,,,,,,,,,,,,,,,,,,,,,,,18672.74,,,,,,,,,,,11262.01,,,,,,,,
2019-08-29 16:00:00,,,,,,,,,,,,,,,,,,,,,,,,,,,,,,,,,,,,,19316.19,23468.2,,,,,,,,,,12019.21,,,,,,,,
2019-11-21 10:00:00,,,,,,,,,,,,,,,,,,,,,,,,,,,,,,,,,,,,0.0119,,,,,,,,,,,,,,,,,,,,
2019-09-03 01:00:00,,,,,,,,0.0356,,,,,,,,,,,,,,,,,,,,,,,,,,,,,,,,,,,,,,,,,,,,,,,,
2019-04-20 03:00:00,,,,,,,,,,,,,,,,,,,,,,,,,,,,,,,,16.7,,,,,,,,,,,,,,,,,,,,,,,,
2019-06-20 14:00:00,,,,,,,,,,,,,,,,,,,,,,,,,,,,,,,,,,,,,19043.64,,,,,,,,,,,,,,,,,,,
2019-03-06 04:00:00,,,,,,,,,,,,,,,,,,,,,,,,,,,,,3.064402165434277,,,,,,,,,,,,,,,,,,,,,9.43,,,,,,
2018-12-08 03:00:00,,,,,,,,,,,,,,,,,,,,,,,,,,,,,,,,,,,,,,,,,0.0283,,,,,,,,,,,,,,,
2020-02-05 12:00:00,,,,,,,,,,,,,,,,,,,,,,,,,,,,,,,,,,,,,,,,,,,,,,,,,,,8.15,,,,,
2019-12-15 07:00:00,,,,,,,,,,,993.4,,,,,,,3.1321145700215767,,,997.3,,,14.59,,,,,,,,,,,,,,,,,,,,,,,,,,,,,,,,
2018-08-22 19:00:00,,,,,,,,,,,,,,,,,,,,,,,,,,,,,,,,,,,,,19396.11,,,,,,,,,,,12216.09,,,,,,,,
2019-08-30 18:00:00,,,,,,,,,,,,,,,,,,,,,,,,,,,,,,,,,,,,,18211.88,,,,,,,,,,,11882.6,,,,,,,,
2019-08-27 15:00:00,,,,,,,,,,,,,,,,,,,,,,,,,,,,,,,,,,,,,19162.47,,,,,,,,,,,10789.37,,,,,,,,
2018-07-30 15:00:00,,,,,,,,,,,,,,,,,,,,,,,,,,,,,,,,,,,,,19088.12,,,,,,,,,,,11506.31,,,,,,,,
2019-05-30 02:00:00,,,,,,,,0.0211,,,,,,,,,,,,,,,,,,,,,,,,,,,,,,,,,,,,,,,,,,,,,,,,
2018-06-22 20:00:00,,,,,,,,,,,,,,,,,,,,,,,,,,,,,,,,,,,,,,22764.6,,,,,,,,,,10795.32,,,,,,,,
2018-06-08 18:00:00,,,,,,,,,,,,,,,,,,,,,,,,,,,,,,,,,,,,,18207.65,,,,,,,,,,,11116.29,,,,,,,,
2019-12-11 03:00:00,,,,,,,,,,,,,,0.008,,,,,,,,,,,,,,,,,,,,,,,,,,,,,,,,,,,,,,,,,,
2019-08-14 12:00:00,,,,,,,,,,,,,,0.0203,,,,,,,,,,,,,,,,,,,,,,,18166.93,,,,,,,,,,,,,,,,,,,
2019-08-01 14:00:00,,,,,,,,,,,,,,,,,,,,,,,,,,,,,,,,,,,,,18555.51,,,,,,,,,,,10696.92,,,,,,,,
2018-07-23 18:00:00,,,,,,3.0679052111472855,,0.0197,,,,,,,,,,,,3.286369241865662,,,,,,,,,,,,,,,,,19796.03,24813.28,,,,,,,,,,12813.86,,,,,,,,
2019-08-24 00:00:00,,,,,,,,,,,,,,0.0093,,,,,,,,,,,,,,,,,,,,,,,18212.15,,,,,,,,,,,10861.81,,,,,,,,
2019-07-01 23:00:00,,,,,,,,,,,,,,,,,,,,,,,,,,,,,,,,,,,,,,,,,,,,,,,,,,,,,,,0.026,
2019-08-11 13:00:00,,,,,,,,,,,,,,,,,,,,,,,,,,,,,,,,,,,,,18008.2,,,,,,,,,,,,,,,,,,,
2020-02-13 01:00:00,,,,,,,,,,,,,,,,,,,,,,,,,,,,,,,,,,,,,,,,,,,,,,,,,,,,,,,0.0199,
2018-07-24 00:00:00,,,,,,,,,,,,,,,,,,,,,,,,,,,,,,,,,,,,,,22455.41,,,,,,,,,,11713.44,,,,,,,,
2019-01-31 04:00:00,,,,,,,,,,,,,,,,,,,,,,,,16.4,,,,,,,,,,,,,,,,,,,,,,,,,,,,,,,,
2018-06-21 17:00:00,,,,,,,,,,,,,,,,,,,,,,,,,,,,,,,,,,,,,,23165.55,,,,,,,,,,,,,,,,,,
2019-09-29 03:00:00,,,,,,,,,,,,,0.0061,,,,,,,,,,,,,,,,,,,,,,,,,,,,,,,,,,,,,,,,,,,
2019-09-20 20:00:00,,,,,,,,,,,,,,,,,,,,,,,,,,,,,,,,,,,,,,,,,0.0196,,,,,,,,,,,,,,0.0262,
2019-08-12 12:00:00,,,,,,,,,,,,,,,,,,,,,,,,,,,,,,,,,,,,,18358.01,,,,,,,,,,,,,,,,,,,
2019-07-05 18:00:00,,,,,,,,,,,,,,,,,,,,,,,,,,,,,,,,,,,,,18717.97,,,,,,,,,,,10853.27,,,,,,,,
2018-05-30 18:00:00,,,,,,,,,,,,,,,,,,,,,,,,,,,,,,,,,,,,,18962.49,22353.55,,,,,,,,,,11187.51,,,,,,,,
2019-05-28 17:00:00,,,,,,,,,,,,,,,,,,,,,,,,,,,,,,,,,,,,,18642.6,,,,,,,,,,,,,,,,,,,
2019-03-24 00:00:00,,,,,,,,,,,,,,,,,,,,,,,,15.12,,,,,,,,,,,,,,,,,,,,,,,,,,,,,,,,
2020-04-21 23:00:00,,,,,,,,,,,,,,0.0528,,,,,,,997.5,,,,,,,,,,,,,,,,,,,,,,,,,,,,,,,,,,,
2019-09-08 15:00:00,,,,,,,,,,,,,,,,,,,,,,,,,,,,,,,,,,,,,18195.8,21764.02,,,,,,,,,,,,,,,,,,
2020-01-15 15:00:00,,,,,,,,,,,,3.211236301095366,,,,,,,,,,,,,,,,,,,,,,,,,,,,,,,,,,,13.44,,,,,,,,,
2019-03-24 00:00:00,,,,,,,,,,,,,,,,,,,,,,,,15.12,,,,,,,,,,,,,,,,,,,,,,,,,,,,,,,,
2019-05-21 02:00:00,,,,,,,,,,,,,,,,,,,,,,,,,,,,,,,,,,,,,,,,,0.015,,,,,3.1469360504297867,,,19.87,,,,,,,
2019-04-26 13:00:00,,,,,,,,,,,,,,0.0181,,,,,,,,,,,,,,,,,,,,,,,,,,,,,,,,,,,,,,,,,,
2019-09-26 16:00:00,,,,,,,,,,,,,,,,,,,,,,,,,,,,,,,,,,,,,,22164.79,,,,,,,,,,11195.68,,,,,,,,
2019-10-30 13:00:00,,,,,,,,,,,,,,,,,,,,,,3.5398189336027293,,,,,,,,,,,,,,,,,,,,,,,,,,,,,9.07,,,,,
2018-06-23 17:00:00,,,,,,,,,,,,,,,,,,,,,,,,,,,,,,,,,,,,,,,,,,,,,,,,11037.06,,,,,,,,
2018-08-13 16:00:00,,,,,,,,,,,,,,,,,,,,,,,,,,,,,,,,,,,,,19209.6,,,,,,,,,,,,,,,,,,,
2019-02-22 16:00:00,,,,,,,,,95.0,,,,,,,,,,,,,,,,,,,,,,,,,,,,,,,,,,,,,,,,,,,,,,,
2018-01-17 08:00:00,,,,,,,,,,,,,,,,,,,,,,,,,,,,,,,,,,,,,,24431.12,,,,,,,,,,,,,,,,,,
2020-02-25 08:00:00,,,,,,,,,,,,,,,,,,,,,,,,,,,,,,,,,,,,,,,,1036.6,,,,,,,,,,,,,,,,
2019-11-27 04:00:00,,,,,,,,,,,,,,,,,,,,,,,,,,,,,,,,,,,,,,,,,,,,,,,,,,,,,1003.7,,,
2019-02-05 16:00:00,,,,,,,,,,,,,0.0172,,,,,,,,,,,,,,,,,,,,,,,,,,,,,,,,,,,,,,,,,,,
2020-02-01 13:00:00,,,,,,,,,,,,3.4069394851775763,,,,,,,,,,,,,,,,,,,,,,0.0394,,,,,,,,,,,,,13.94,,,,,,,,,
2019-07-09 16:00:00,,,,,,,,,,,,,,,,,,,,,,,,,,,,,,,,,,,,,19719.24,22991.89,,,,,,,,,,,,,,,,,,
2020-02-26 09:00:00,,,,,,,,,,,,,,,,,,,,,,,,,,,,,,,,,,,,,,,,,,1027.6,,,,,,,,,,,,,,
2018-01-16 18:00:00,,,,,,,,,,,,,,,,,,,,,,,,,,,,,,,,,,,,,,,,,,,,,,,,10872.1,,,,,,,,
2019-08-06 03:00:00,,,,,,,,,,,,,,,,,,,,,,,,,,,,,,,,,,,,,,,,,,,,,,,,,,,,,,84.57,,
2018-06-28 19:00:00,,,,,,,,,,,,,,,,,,,,,,,,,,,,,,,,,,,,,,23807.73,,,,,,,,,,11271.0,,,,,,,,
2018-08-30 15:00:00,,,,,,,,,,,,,,,,,,,,,,,,,,,,,,,,,,,,,,22360.49,,,,,,,,,,10993.46,,,,,,,,
2019-08-20 17:00:00,,,,,,3.233848358122621,,,,,,,,,,,,,,,,,,,,,,,,,,,,,,,,25421.33,,,,,,,,,,12207.93,,,,,,,,
2018-08-16 19:00:00,,,,,,,,,,,,,,,,,,,,,,,,,,,,,,,,,,,,,,23038.91,,,,,,,,,,11747.66,,,,,,,,
2019-01-14 19:00:00,,,,,,,,,,,,,,,,,,,,,,,,,,,,,,,,,,,,,,,,,,,,,,,,,,8.8,,,,,,
2018-05-29 17:00:00,,,,,,,,,,,,,,,,,,,,,,,,,,,,,,,,,,,,,19365.81,22225.52,,,,,,,,,,11111.28,,,,,,,,
2020-03-29 02:00:00,,,,,,,,,,,,,,,,,,,,,,,,,,,,,,,,,,,,,,,,,,,,,,,12.04,,,,,,,,0.0921,
2019-08-17 15:00:00,,,,,,,,,,,,,,,,,,,,,,,,,,,,,,,,,,,,,19025.73,23200.61,,,,,,,,,,11375.38,,,,,,,,
2018-09-27 03:00:00,,,,,,,,,,,,,,,,,,,,,,,,,,,,,,,,,,,,,,,,,,,,,,,,,,,,,,,0.0503,
2018-11-13 16:00:00,,,,,,,,,,,,,,,,,,,,,,,3.0217692713988247,,,,,,,,,,,,1026.7,,,,,,,,,,,,,,,,,,,,,
2018-07-11 19:00:00,,,,,,,,,,,,,,,,,,,,,,,,,,,,,,,,,,,,,18185.08,22106.0,,,,,,,,,,10882.1,,,,,,,,
2019-01-01 08:00:00,,,,,,,,0.1577,,,,,,,4.00158879525319,,,,,,,,,,,,,,,,,,,,,,,,,,,,,,,,,,,,,,,,,
2018-12-27 17:00:00,,,,,,,,,,,,,,,,,,,,,,,,,,,,,,,,16.95,,,,,,,,,,,,,,,,,,,,,,,0.1664,
2020-01-12 16:00:00,,,,,,,,,,,,,,0.0564,,,,,,,,,,14.46,,,,,,,,,,,,,,,,,,,,,,,,,,,,,,,,
2019-08-27 17:00:00,,,,,,,,,,,,,,,,,,,,,,,,,,,,,,,,,,,,,18308.06,,,,,,,,,,,10940.69,,,,,,,,
2018-06-13 14:00:00,,,,,,,,,,,,,,,,,,,,,,,,,,,,,,,,,,,,,18305.44,,,,,,,,,,,,,,,,,,,
2018-06-05 15:00:00,,,,,,,,,,,,,,,,,,,,,,,,,,,,,,,,,,,,,18448.21,,,,,,,,,,,10924.6,,,,,,,,
2020-03-27 06:00:00,,,,,,,,,,,,,,,,,,,,,,,,,,,,,3.5466560329650236,,,,,,,,,,,,,,,,,,,,,10.29,,,,,,
2019-08-04 18:00:00,,,,,,,,,,,,,,,,,,,,,,,,,,,,,,,,,,,,,,,,,0.0259,,,,,,,,,,,,,,,
2019-05-17 15:00:00,,,,,,,,,,,,,,,,,3.3708358334755135,,,,,,,,,,,,,,,,,0.0442,,,,,,,,,,,,,,,,,,,,,,
2019-08-19 15:00:00,,,,,,,,,,,,,,,,,,,,,,,,,,,,3.0352003308247713,,,,,,,,,20303.13,24483.35,,,,,,,,,,11791.39,,,,,,,,
2019-12-14 07:00:00,,,,,,,,,,,,,,0.1121,,,,,,,,,,,3.3860469258654127,,,,,,,,,,,,,,,,,,,,,,,,,,,,,,,
2018-08-02 17:00:00,,,,,,,,,,,,,,,,,,,,,,,,,,,,,,,,,,,,,18667.53,22310.6,,,,,,,,,,10911.22,,,,,,,,
2018-07-22 07:00:00,,,,,,,,0.0812,,,,,,,,,,,,,,,,,,,,,,,,,,,,,,,,,,,,,,,,,,,,,,,,
2018-09-27 11:00:00,,,,,,,,,,,,,,,,,,,,,,,,,,,,,,,,,,,,,,,,,,,,,,,,,,,,,,,0.0247,
2020-02-24 00:00:00,,,,,,,,,,,,,,,,,,,,,,,,,,,,,,,,,,,1025.3,,,,,,,,,,,,,,,,,,,,,
2020-02-22 21:00:00,,,,,,,,,94.0,,,,,,,,,,,,,3.1971120832427435,,,,,7.632620809617017,,,,,,,,,0.1256,,,,,,,,,,,,,,,8.55,,,,,
2019-04-13 22:00:00,,,,,,,,,,,,,,,,,,,10.403353219429048,,,,,,,,,,,,,,,0.0309,,,,,,,0.2403,,,,,,,,,,,,,,,
2019-06-14 18:00:00,,,,,,,,,,,,,,,,,,,,,,,,,,,,,,,,,,,,,18049.35,,,,,,,,,,,,,,,,,,,
2019-09-29 09:00:00,,,,,,,,,,,,,,,,,,,,,,,,,,,,,,,,,,,,,,,,,,,,,,,,,,,,,,,0.027,
2019-08-27 22:00:00,,,,,,,,,,,,,,,,,,,,,,,,,,,,,,,,,,,,,,,,,0.0148,,,,,,,,,,,,,,,
2018-07-15 17:00:00,,,,,,,,,,,,,,,,,,,,,,,,,,,,,,,,,,,,,,23360.15,,,,,,,,,,,,,,,,,,
2018-07-01 15:00:00,,,,,,,,,,,,,,,,,,,,,,,,,,,,,,,,,,,,,,22077.5,,,,,,,,,,,,,,,,,,
2019-01-16 07:00:00,,,,,,,4.503285342747173,,,,,,0.0578,,,,,,,,,,,,,,,,3.2999214960888277,,,,,,,,,,,,,,,,,,,,,9.85,,,,,,
2019-08-27 18:00:00,,,,,,,,,,,,,,,,,,,,,,,,,,,,,,,,,,,,,,,,,,,,,,,,10871.49,,,,,,,,
2020-02-24 00:00:00,,,,,,,,,,,,,,,,,,,,,,,,,,,,,,,,,,,1025.3,,,,,,,,,,,,,,,,,,,,,
2019-09-06 15:00:00,,,,,,,,,,,,,,,,,,,,,,,,,,,,,,,,,,,,,19217.74,22627.7,,,,,,,,,,11375.71,,,,,,,,
2019-05-10 09:00:00,,,,,,,,,,,,,,,,,,,,,,,,,,,,,,,,,,,,,,,,,,,14.146987979950278,,,,,,,,,,,,0.9223,
2019-08-13 12:00:00,,,,,,,,,,,,,,,,,,,,,,,,,,,,,,,,,,,,,18105.69,,,,,,,,,,,,,,,,,,,
2019-10-09 02:00:00,,,,,,,,,,,,,,,,,,,,,,,,,,,,,,,,,,0.0187,,,,,,,,,,,,,,,,,,,,,,
2019-08-06 19:00:00,,,,,,,,,,,,,,,,,,,,,,,,,,,,,,,,,,,,,18381.35,23666.38,,,0.0139,,,,,,,12224.21,,,,,,,,
2018-08-15 04:00:00,,,,,,,,,,,,,,0.0373,,,,,,,,,,,,,,,,,,,,,,,,,,,,,,,,,,,,,,,,,,
2019-08-16 14:00:00,,,,,,,,,,,,,,,,,,,,,,,,,,,,,,,,,,,,,19393.92,23230.8,,,,,,,,,,11608.92,,,,,,,,
2019-08-21 14:00:00,,,,,,,,,,,,,,,,,,,,,,,,,,,,,,,,,,,,,18471.66,23166.48,,,,,,,,,,10755.97,,,,,,,,
2019-09-15 17:00:00,,,,,,,,,,,,,,,,,,,,,,,,,,,,,,,,,,,,,17992.8,22388.6,,,,,,,,,,,,,,,,,,
2020-03-19 18:00:00,,,,,,,,,,,,,0.0034,,,,,,,,,,,,,,,,,,,,,,,,,,,,,,,,,,,,,,,,,,,
2018-12-07 11:00:00,,,,,,,,,,,,,,,,,,,,,,,,,,,,,,,,,,,,,,,,,0.0153,,,,,,,,,,,,,,,
2019-01-01 04:00:00,,,,,,,,0.0567,,,,,0.0125,,,,,,,,,,,,,,,,,,,,,,,,,,,,,,,,,,,,,,,,,,,
2019-02-24 00:00:00,,,,,,,,,,,,,,,,,,,,,,,,,,,,,,,,,,,,,,,,,,1027.5,,,,,,,,,,,,,,
2018-08-23 20:00:00,,,,,,,,,,,,,,,,,,,,,,,,,,,,,,,,,,,,,17954.25,22212.9,,,,,,,,,,11509.59,,,,,,,,
2019-09-11 17:00:00,,,,,,,,,,,,,,,,,,,,,,,,,,,,,,,,,,,,,,22270.75,,,,,,,,,,,,,,,,,,
2020-02-07 06:00:00,,,,,,,,0.0371,,,,,,0.0577,,,,,,,997.6,,,,,,,,,,,,,,,,,,,,,,,,,,,,,,,,,,,
2018-01-17 09:00:00,,,,,,,,,,,,,,,,,,,,,,,,,,,,,,,,,,,,,,23505.4,,,,,,,,,,,,,,,,,,
2018-01-16 20:00:00,,,,,,,,,,,,,,,,,,,,,,,,,,,,,,,,,,,,,,,,,,,,,,,,11049.48,,,,,,,,
2018-09-27 08:00:00,,,,,,,,0.0289,,,,,,,,,,,,,,,,,,,,,,,,,,,,,,,,,,,,,,,,,,,,,,,,
2019-01-05 10:00:00,,,,,,,,,,,,,,0.0349,,,,,,,,,,,,,,,,,,,,,,,,,,,,,,,,,,,,,,,,,,
2019-12-19 14:00:00,,,,,,,,,,,,,,,,,,,,,,,,,,,,,,,,,,0.0244,,,,,,,,,,,,,,,,,,,,,,
2019-06-28 15:00:00,,,,,,,,,,,,,,,,,,,,,,,,,,,,,,,,,,,,,18672.26,,,,,,,,,,,,,,,,,,,
2019-07-08 18:00:00,,,,,,,,0.0148,,,,,,,,,,,,,,,,,,,,,,,,,,,,,19376.79,,,,,,,,,,,11304.31,,,,,,,,
2019-08-26 13:00:00,,,,,,,,,,,,,,,,,,,,,,,,,,,,,,,,,,,,,18551.62,22576.41,,,,,,,,,,,,,,,,,,
2019-12-07 21:00:00,,,,,,,,,,,,,0.0089,,,,,,,,,,,,,,,,,,,,,,,,,,,,,,,,,,,,,,,,,,,
2018-08-02 15:00:00,,,,,,,,,,,,,,,,,,,,,,,,,,,,,,,,,,,,,18175.45,,,,,,,,,,,,,,,,,,,
2019-08-26 16:00:00,,,,,,3.1819626396735607,,,,,,,,,,,,,,,,,,,,,,,,,,,,,,,20056.4,25231.21,,,,,,,,,,12251.22,,,,,,,,
2019-03-12 15:00:00,,,,,,,,,,,,,,,,,5.135086487827659,,,,,,,,,,,,,,,,,0.064,,,,,,,,,,,,,,,,,,,,,,
2019-01-18 07:00:00,,,,,,,,,,,,,,,,,,,,,,,,,,,,,,,,,,0.0234,,,,,,,,,,,,,,,,,,,,,,
2019-03-18 05:00:00,,,,,,,,,,,,,,,,,,,,,,,,,,,,,,,,,,,,,,,,,,,,,,,,,,8.83,,,,,,
2020-04-06 03:00:00,,,,,,,,,,,,,0.0063,,,,,,,,,,,,,,,,,,,,,,,,,,,,,,,,,,,,,,,,,,,
2020-03-06 10:00:00,,,,,,,,,,,,,,,,,,,,,,,,,,,,,,,,,,0.0181,,,,,,,,,,,,,,,,,,,,,,
2019-08-28 16:00:00,,,,,,,,,,,,,,,,,,,,,,,,,,,,,,,,,,,,,19046.15,,,,,,,,,,,11654.74,,,,,,,,
2018-10-12 13:00:00,,,,,,,,0.0616,,,,,,,,,,,,,,,,,,,,,,,,,,,,,,,,,,,,,,,,,,,,,,,,
2018-11-14 03:00:00,,,,,,,,,,,,,,,,,,,,,,,,,,,,,,,,,,,1025.2,,,,,,,,,,1033.7,,,,,,,,,,,
2018-08-15 17:00:00,,,,,,,,,,,,,,,,,,,,,,,,,,,,,,,,,,,,,18493.28,23104.55,,,,,,,,,,11382.11,,,,,,,,
2019-08-19 21:00:00,,,,,,,,,,,,,,,,,,,,,,,,,,,,,,,,,,,,,18039.52,22918.67,,,,,,,,,,11709.86,,,,,,,,
2019-02-14 19:00:00,,,,,,,8.617796023277931,,,,,,0.1069,,,,,,,,,,,,,,,,,,,,,,,,,,,,,,,,,,,,,,,,,,,
2019-07-14 18:00:00,,,,,,,,,,,,,,,,,,,,,,,,,,,,,,,,,,,,,,,,,,,,,,,,11353.47,,,,,,,,
2020-04-04 22:00:00,,,,,,,,,,,,,,,,,,,,,,,,,,,,,,,,,,,,,,,,,0.0175,,,,,,,,,,,,,,,
2019-07-15 19:00:00,,,,,,,,,,,,,,,,,,,,,,,,,,,,,,,,,,,,,18068.02,22103.41,,,,,,,,,,11191.57,,,,,,,,
2019-06-18 01:00:00,,,,,,,,,,,,,,,,,,,,,,,,,,,,,,,,,,,,,,,,,,,,,,,,,,,,,,,0.027,
2018-07-12 19:00:00,,,,,,,,,,,,,,,,,,,,,,,,,,,,,,,,,,,,,,,,,,,,,,,,10994.58,,,,,,,,
2018-09-19 17:00:00,,,,,,,,,,,,,,,,,,,,,,,,,,,,,,,,,,,,,18574.88,22406.25,,,,,,,,,,,,,,,,,,
2019-08-13 15:00:00,,,,,,3.102714928105931,,,,,,,,,,,,,,,,,,,,,,3.04748248405926,,,,,,,,,20336.41,24940.83,,,,,,,,,,12172.59,,,,,,,,
2019-06-02 17:00:00,,,,,,,,,,,,,,,,,,,,,,,,,,,,,,,,,,,,,18282.48,,,,,,,,,,,,,,,,,,,
2019-06-06 13:00:00,,,,,,,,,,,,,,0.0093,,,,,,,,,,,,,,,,,,,,,,,,,,,,,,,,,,,,,,,,,,
2019-07-27 14:00:00,,,,,,,,,,,,,,,,,,,,,,,,,,,,,,,,,,,,,18160.23,,,,,,,,,,,,,,,,,,,
2020-03-18 01:00:00,,,,,,,,,,,,,,,,,,,,,,,,,,,,,,,,,,,,,,,,,0.0156,,,,,,,,,,,,,,,
2018-05-31 15:00:00,,,,,,,,,,,,,,,,,,,,,,,,,,,,,,,,,,,,,18656.56,,,,,,,,,,,,,,,,,,,
2019-12-23 09:00:00,,,,,,,,,,,,,,,,,,,,,,,,,,,,,,,,,,0.014,,,,,,,,,,,,,,,,,,,,,,
2019-11-29 10:00:00,,,,,,,,,,,,,0.0231,,,,,,,,,,3.1147066141135906,,,,,,,,,,,,1003.2,0.0275,,,,,,,,,,,,,,,,,,,,
2019-02-04 12:00:00,,,,,,,,,,,,,0.0092,,,,,,,,,,,,,,,,,,,,,,,,,,,,,,,,,,,,,,,,,,,
2018-07-15 15:00:00,,,,,,,,,,,,,,,,,,,,,,,,,,,,,,,,,,,,,,22441.79,,,,,,,,,,,,,,,,,,
2019-11-14 19:00:00,,,,,,,,,,,,,,,,,,,,,,,,,,,,,,,,,,,,,,,,,,,,,,,,,,,,,,,0.0214,
2019-06-18 18:00:00,,,,,,,,0.0165,,,,,,,,,,,,,,,,,,,,,,,,,,,,,19155.41,,,,,,,,,,,10894.58,,,,,,,,
2019-09-11 18:00:00,,,,,,,,,,,,,,,,,,,,,,,,,,,,,,,,,,,,,,21991.66,,,,,,,,,,,,,,,,,,
2018-06-22 18:00:00,,,,,,,,,,,,,,,,,,,,,,,,,,,,,,,,,,,,,18318.57,24052.3,,,,,,,,,,11272.53,,,,,,,,
2019-03-05 00:00:00,,,,,,,,,,,,,,,,,,,,,,,,,,25.0,,,,,3.2294379047063946,,,,,,,,,,,,,,,,,,,,,,,,,
2020-02-07 12:00:00,,,,,,,,,,3.1441083639607794,,,,0.021,,,,,,,993.7,,,,,,,,,,,,,,,,,,,,,,,,,,,,,,,,,,,
2018-07-03 16:00:00,,,,,,,,,,,,,,,,,,,,,,,,,,,,,,,,,,,,,18956.55,24265.54,,,,,,,,,,11486.58,,,,,,,,
2018-11-10 07:00:00,,,,,,,,0.1014,,,,,,0.0477,,,,,,,,,,,,,,,,,,,,,,,,,,,,,,,,,,,,,,,,,,
2019-08-22 04:00:00,,,,,,,,0.0359,,,,,,,,,,,,,,,,,,,,,,,,,,,,,,,,,,,,,,,,,,,,,,,,
2018-09-09 02:00:00,,,,,,,,,,,,,,,,,,,,,,,,,,,,,,,,,,,,,,,,,0.0133,,,,,,,,,,,,,,,
2018-06-12 16:00:00,,,,,,,,,,,,,,,,,,,,,,,,,,,,,,,,,,,,,19190.1,22005.5,,,,,,,,,,11079.88,,,,,,,,
2019-04-14 00:00:00,,,,,,,,,,,,,,,,,,,5.198999462956452,,,,,,,,,,,,,,,,,,,,3.2518672210189314,,0.124,,,,,,,,,,,,1000.0,,0.0321,
2020-02-05 02:00:00,,,,,,,,,,,,,,,,,,,,,,,,,,,,,,,,,,0.0214,,,,,,,,,,,,,,,,,,,,,,
2020-01-09 02:00:00,,,,,,,,,,,,,,,,,,,,,,,,15.32,,,,,,,,,,,,,,,,,,,,,,,,,,,,,,,,
2019-07-12 15:00:00,,,,,,,,,,,,,,,,,,,,,,,,,,,,,,,,,,,,,19617.44,,,,,,,,,,,10818.42,,,,,,,,
2019-04-09 19:00:00,,,,,,,,,,,,,,,,,,,,,,,,,,,,,,,,,,0.0166,,,,,,,,,,,,,,,,,,,,,,
2019-04-30 13:00:00,,,,,,,,0.017,,,,,,,,,,,,,,,,,,,,,,,,,,,,,,,,,,,,,,,,,,,,,,,,
2018-07-19 13:00:00,,,,,,,,,,,,,,,,,,,,,,,,,,,,,,,,,,,,,,23341.06,,,,,,,,,,,,,,,,,,
2020-04-26 11:00:00,,,,,,,,,,,,,,0.0132,,,,,,,,,,,,,,,,,,,,,,,,,,,,,,,,,,,,,,,,,,
2019-03-04 02:00:00,,,,,,,,,,,,,,0.0354,,,,,,,,,,,,,,,,,,,,,,,,,,,,,,,,,,,,,,,,,,
2019-09-20 16:00:00,,,,,,,,,,,,,,,,,,,,,,,,,,,,,,,,,,,,,,,,,,,,,,,,11111.67,,,,,,,,
2018-11-13 19:00:00,,,,,,,,,,,,,,,,,,,,,,,3.1784452514544372,,,,,,,,,,,,1027.3,,,,,,,1033.1,,,,,,,,,,3.780886666632001,,,,
2018-12-13 13:00:00,,,,,,,,,,,,,,,,,,,,,,,,,,,,,,,,,,,,,,,,,0.0125,,,,,,,,,,,,,,,
2020-03-02 06:00:00,,,,,,,,,,,,,,,,,,,,,,3.0718922725342863,,,,,,,,,,,,,,,,,,,,,,,,,,,,,8.36,,,,,
2019-08-01 23:00:00,,,,,,,,,,,,,,,,,,,,,,,,,,,,,,,,,,,,,,,,,,,,,,,,,,,,,,,0.0298,
2018-12-05 20:00:00,,,,,,,,,,,,,,,,,,,,,,,,,,,,,,,,,,,,,,,,,,,,,,,,,,,,,1031.6,,,
2019-07-06 16:00:00,,,,,,,,,,,,,,,,,,,,,,,,,,,,,,,,,,,,,18360.09,,,,,,,,,,,,,,,,,,,
2019-09-16 15:00:00,,,,,,,,,,,,,,,,,,,,,,,,,,,,,,,,,,,,,,22235.14,,,,,,,,,,10723.57,,,,,,,,
2020-01-16 10:00:00,,,,,,,,,,,,,,,,,,,,,,,,,,,,,,,,,,,,,,,,998.0,,,,3.059059474443509,,,,,,,,,,,,
2019-07-12 14:00:00,,,,,,,,,,,,,,,,,,,,,,,,,,,,,,,,,,,,,19257.04,,,,,,,,,,,,,,,,,,,
2018-12-11 20:00:00,,,,,,,,,,,,,,,,,,,,,,,,,,,,,,,,,,,,,,,,,,,,,,,,,,,,,1031.0,,,
2019-07-07 17:00:00,,,,,,,,,,,,,,,,,,,,,,,,,,,,,,,,,,,,,18763.67,,,,,,,,,,,10789.78,,,,,,,,
2018-07-17 20:00:00,,,,,,,,,,,,,,,,,,,,,,,,,,,,,,,,,,,,,18133.05,23857.49,,,,,,,,,,11182.53,,,,,,,,
2019-03-14 05:00:00,,,,,,,,,,,,,,,,,,,,,,,,,,,,,,,,,,,,,,,,,,,,,999.6,,,,,,,,,,,
2018-09-17 16:00:00,,,,,,,,,,,,,,,,,,,,,,,,,,,,,,,,,,,,,18479.16,,,,,,,,,,,,,,,,,,,
2018-08-20 16:00:00,,,,,,,,,,,,,,,,,,,,,,,,,,,,,,,,,,,,,19550.35,,,,,,,,,,,11886.48,,,,,,,,
2020-04-10 04:00:00,,,,,,,4.7463012485219025,,,,,,0.0607,,,,,,,,,,,,,,,,,,,,,,,,,,,,,,,,,,,,,,,,,,,
2018-11-09 09:00:00,,,,,,,,,,,,,,,,,,,3.0913033156661753,,,,,,,,,,,,,,,,,,,,,,0.0769,,,,,,,,,,,,,,,
2018-06-11 16:00:00,,,,,,,,,,,,,,,,,,,,,,,,,,,,,,,,,,,,,18689.72,,,,,,,,,,,10909.35,,,,,,,,
2020-01-21 12:00:00,,,,,,,,,,,,,,,,,,,,,,,,,,,,,,,,,,,,,,,,,,,,,,,,,,,,,1032.7,,,
2018-07-23 21:00:00,,,,,,,,,,,,,,,,,,,,,,,,,,,,,,,,,,,,,18172.57,22093.78,,,,,,,,,,11874.49,,,,,,,,
2020-01-13 08:00:00,,,,,,,,,,,,,,,,,,,,,,,,,,,,,,,,,,0.0224,,,,,,,,,,,,,,,,,,,,,,
2018-06-07 15:00:00,,,,,,,,,,,,,,,,,,,,,,,,,,,,,,,,,,,,,18588.97,,,,,,,,,,,10723.14,,,,,,,,
2019-01-19 18:00:00,,,,,,,,,,,,,,,,,,,,,,,,,,,,,,,,17.33,,,,,,,,,,,,,,,,,,,,,,,,
2018-08-31 20:00:00,,,,,,,,,,,,,,,,,,,,,,,,,,,,,,,,,,,,,,,,,,,,,,,,10853.51,,,,,,,,
2019-06-20 20:00:00,,,,,,,,,,,,,,,,,,,,,,,,,,,,,,,,,,,,,,21953.36,,,,,,,,,,11282.66,,,,,,,,
2019-07-01 16:00:00,,,,,,,,,,,,,,,,,,,,,,,,,,,,,,,,,,,,,18963.83,,,,,,,,,,,,,,,,,,,
2019-10-21 08:00:00,,,,,,,,,,,,,,,,,,,,,,,,,,,,,,,,,,0.0314,,,,,,,0.0526,,,,,,,,,,,,,,,
2018-07-15 11:00:00,,,,,,,,0.0139,,,,,,,,,,,,,,,,,,,,,,,,,,,,,,,,,,,,,,,,,,,,,,,,
2018-11-15 03:00:00,,,,,,,,,,,,,,,,,,,,,,,,,,,,,,24.0,,,,,,,,,,,,,,,,,,,,,,,,,,
2018-06-03 16:00:00,,,,,,,,,,,,,,,,,,,,,,,,,,,,,,,,,,,,,,,,,,,,,,,,10995.04,,,,,,,,
2018-10-12 08:00:00,,,,,,,,0.0261,,,,,,,,,,,,,,,,,,,,,,,,,,,,,,,,,,,,,,,,,,,,,,,,
2019-03-20 07:00:00,,,,,,,,,,,,,,,,,,,,,,,,,,20.0,,,,,3.5492201294179804,,,,,,,,,,,,,,,,,,,,,,,,,
2018-06-12 20:00:00,,,,,,,,,,,,,,,,,,,,,,,,,,,,,,,,,,,,,,,,,,,,,,,,10807.88,,,,,,,,
2019-05-18 22:00:00,,,,,,,,,,,,,,,,,,,,,,,,,,,,,,,,,,,,,,,,,0.0143,,,,,,,,,,,,,,,
2019-10-22 12:00:00,,,,,,,,,,,,,,,,,,,,,,,,,,,,,,,,,,0.0259,,,,,,,,,,,,,,,,,,,,,,
2019-10-03 16:00:00,,,,,,,,,,,,,,,,,,,,,,,,,,,,,,,,,,,,,18045.99,,,,,,,,,,,,,,,,,,,
2019-09-18 18:00:00,,,,,,,,,,,,,,,,,,,,,,,,,,,,,,,,,,,,,,21850.04,,,,,,,,,,11652.12,,,,,,,,
2020-02-24 00:00:00,,,,,,,,,,,,,,,,,,,,,,,,,,,,,,,,,,,1025.3,,,,,,,,,,,,,,,,,,,,,
2019-11-19 14:00:00,,,,,,,,,,,,,,,,,,,,,,,,,,,,,,,,,,0.0205,,,,,,,,,,,,,,,,,,,,,,
2018-11-16 17:00:00,,,,,,,,,,,,,,0.0171,,,,,,,,,,,,,,,,,,,,,,,,,,,,,,,,,,,,,,,,,,
2018-10-29 14:00:00,,,,,,,,0.0127,,,,,,,,,,,,,,,,,,,,,,,,,,,,,,,,,,,,,,,,,,,,,,,,
2019-02-09 03:00:00,,,,,,,,,,,,,,,,,,,,,,,,,,,,,,,,,,,,,,,,,,,,,,,,,,,,,1033.2,,,
2020-04-09 14:00:00,,,,,,,,,,,,,0.0073,,,,,,,,,,,,,,,,,,,,,,,,,,,,,,,,,,,,,,,,,,,
2018-08-30 20:00:00,,,,,,,,,,,,,,,,,,,,,,,,,,,,,,,,,,,,,,,,,,,,,,,,11080.15,,,,,,,,
2019-01-31 03:00:00,,,,,,,,,,,,,,,,,,,,,,,,17.58,,,,,,,,,3.2403769242549374,,,,,,,,,,,,,,,,,,,,,,,
2019-12-05 08:00:00,,,,,,,,,,,,,,,,,,,,,,,,,,,,,,,,,,,,0.0074,,,,,,,,,,,,,,,,,,,,
2018-08-31 18:00:00,,,,,,,,,,,,,,,,,,,,,,,,,,,,,,,,,,,,,18541.12,23246.7,,,,,,,,,,11535.03,,,,,,,,
2020-03-29 16:00:00,,,,,,,,,,,,,,,,,,,,,,,,,,,,,,,,,,0.0226,,,,,,,,,,,,,,,,,,,,,,
2018-06-03 17:00:00,,,,,,,,,,,,,,,,,,,,,,,,,,,,,,,,,,,,,18086.78,,,,,,,,,,,11197.96,,,,,,,,
2019-12-28 02:00:00,,,,,,,,,,,,,,,,,,,,,,,,,,,,,,,,,,,,0.0146,,,,,0.0203,,,,,,,,,,,,,,,
2018-07-27 22:00:00,,,,,,,,,,,,,,,,,,,,,,,,,,,,,,,,,,,,,,,,,,,,,,,,,,,7.67,,,,,
2018-09-19 16:00:00,,,,,,,,,,,,,,,,,,,,,,,,,,,,,,,,,,,,,18661.12,22273.01,,,,,,,,,,,,,,,,,,
2019-08-13 20:00:00,,,,,,,,,,,,,,,,,,,,3.0674943748801966,,,,,,,,,,,,,,,,,19288.9,23707.44,,,,,,,,,,12412.1,,,,,,,,
2018-11-25 14:00:00,,,,,,,,0.0793,,,,,,,,,,,,,,,,,,,,,,,,,,,,,,,,,,,,,,,,,,,,,,,,
2020-01-12 22:00:00,,,,,,,,,,,,,,,,,,,,,,,,,,,,,,,,,,,,,,,,,,,,,,,,,,,,,,,,18.82
2019-04-11 01:00:00,,,,,,,,,,,,,,,,,,,,,,,,,,,,,3.8494666009494467,,,,,,,,,,,,,,,,999.9,3.452997749190921,,,21.03,10.83,,,,,,
2018-12-17 08:00:00,,,,,,,,0.0292,,,,,,,,,,,,,,,,,,,,,,,,,,,,,,,,,,,,,,,,,,,,,,,,
2019-07-08 14:00:00,,,,,,,,,,,,,,,,,,,,,,,,,,,,,,,,,,,,,19005.97,,,,,,,,,,,,,,,,,,,
2019-08-10 16:00:00,,,,,,,,,,,,,,,,,,,,,,,,,,,,,,,,,,,,,19830.84,23664.34,,,,,,,,,,11789.54,,,,,,,,
2018-01-16 12:00:00,,,,,,,,,,,,,,,,,,,,,,,,,,,,,,,,,,,,,,,,,,,,,,,,11092.6,,,,,,,,
2019-01-06 05:00:00,,,,,,,,,,,,,0.0059,,,,,,,,,,,,,,,,,,,,,,,,,,,,,,,,,,,,,,,,,,,
2019-09-23 18:00:00,,,,,,,,,,,,,,,,,,,,,,,,,,,,,,,,,,,,,,22125.27,,,,,,,,,,11441.86,,,,,,,,
2019-10-16 16:00:00,,,,,,,,,,,,,,,,,,,,,,,,,,,,,,,,,,,,,,,,,,,,,,,,,,,,,,,0.1825,
2019-09-28 05:00:00,,,,,,,,,,,,,,,,,,,,,,,,,,,,,,,,,,0.0284,,,,,,,,,,,,,,,,,,,,,,
2019-06-18 02:00:00,,,,,,,,,,,,,,,,,,,,,,,,,,,,,,,,,,,,,,,,,,,,,,,,,,,,,,,0.0256,
2018-06-04 17:00:00,,,,,,,,,,,,,,,,,,,,,,,,,,,,,,,,,,,,,18519.64,,,,,,,,,,,,,,,,,,,
2019-06-05 15:00:00,,,,,,,,,,,,,,,,,,,,,,,,,,,,,,,,,,,,,,,,,0.0194,,,,,,,,,,,,,,0.0749,
2018-07-27 16:00:00,,,,,,,,,,,,,,,,,,,,,,,,,,,,,,,,,,,,,19431.31,21895.32,,,,,,,,,,11370.82,,,,,,,,
2019-08-11 15:00:00,,,,,,,,,,,,,,,,,,,,,,,,,,,,,,,,,,,,,19391.55,22791.49,,,,,,,,,,11357.63,,,,,,,,
2020-04-04 23:00:00,,,,,,,,,,,,,,,,,,,,,,,,,,,,,,,,,,,,,,,,,,,,,,,,,,,,,,,0.0146,
2018-07-15 12:00:00,,,,,,,,0.0123,,,,,,,,,,,,,,,,,,,,,,,,,,,,,,,,,,,,,,,,,,,,,,,,
2018-09-23 05:00:00,,,,,,,,,,,,,,,,,,,,,,,,,,,,,,,,,,,,,,,,,,,,,,,,,,8.43,,,,,,
2020-02-20 14:00:00,,,,,,,,,,,,,,,,,,,4.16081367490689,,,,,,,,,,,,,,,,,,,,,,0.1008,,,,,,,,,,,,,,0.0194,
2018-11-22 15:00:00,,,,,,,,,,,,,,,,,,,,,,,,,,,,,,,,,,0.0283,,,,,,,,,,,,,,,,,,,,,,
2020-03-19 00:00:00,,,,,,,,,,,,,,,,,,,,,,,,,,,,,,,,,,,,0.0043,,,,,,,,,,,,,,,7.72,,,,,
2019-01-06 19:00:00,,,,,,,,,96.0,,,,,,,,,,,,,,,,,,,,,,,,,,,,,,,,,,,,,,,,,,,,,,,
2020-03-29 01:00:00,,,,,,,,,,,,,,,,,,,,,,,,,,,,,,,,,,,,,,,,,,,,,,,,,,,,,,,0.0546,
2018-09-20 13:00:00,,,,,,,,,92.0,,,,,,,,,,,,,,,,,,,,,,,,,,,,,,,,,,,,,,,,,,,,,,,
2019-08-05 01:00:00,,,,,,,,,,,,,,,,,,,,,,,,,,,,,,,,,,,,,,,,,0.0146,,,,,,,,,,,,,,,
2018-08-25 19:00:00,,,,,,,,,,,,,,,,,,,,,,,,,,,,,,,,,,,,,,22255.55,,,,,,,,,,11266.95,,,,,,,,
2019-07-01 19:00:00,,,,,,,,,,,,,,,,,,,,,,,,,,,,,,,,,,,,,,,,,,,,,,,,,,,,,,,0.0168,
2018-06-01 15:00:00,,,,,,,,,,,,,,,,,,,,,,,,,,,,,,,,,,,,,18736.56,22232.49,,,,,,,,,,,,,,,,,,
2019-05-21 03:00:00,,,,,,,,,,,,,,,,,,,,,,,,,,,,,,,,,,,,,,,,,,,,,,3.1284668099873048,,,19.8,,,,,,,
2019-09-16 02:00:00,,,,,,,,,,,,,,,,,,,,,,,,,,,,,,,,,,0.0233,,,,,,,,,,,,,,,,,,,,,,
2020-02-24 00:00:00,,,,,,,,,,,,,,,,,,,,,,,,,,,,,,,,,,,1025.3,,,,,,,,,,,,,,,,,,,,,
2019-03-24 00:00:00,,,,,,,,,,,,,,,,,,,,,,,,15.12,,,,,,,,,,,,,,,,,,,,,,,,,,,,,,,,
2018-09-26 06:00:00,,,,,,,,0.0158,,,,,,,,,,,,,,,,,,,,,,,,,,,,,,,,,,,,,,,,,,,,,,,,
2019-04-23 02:00:00,,,,,,,,0.0528,,,,,,,,,,,,,,,,,,,,,,,,,,,,,,,,,,,,,,,,,,,,,,,,
2020-04-10 15:00:00,,,,,,,,,,,994.9,,,,,,,,,,,,,,,,,,,,,,,,,,,,,,,,,,,,,,,,,,,,,
2018-07-30 05:00:00,,,,,,,,,,,,,,,,,,,,,,3.0521207234750567,,,,,,,,,,,,,,,,,,,,,,,,,,,,,8.33,,,,,
2018-08-13 14:00:00,,,,,,,,,,,,,,,,,,,,,,,,,,,,,,,,,,,,,18456.7,,,,,,,,,,,,,,,,,,,
2019-07-08 20:00:00,,,,,,,,,,,,,,,,,,,,,,,,,,,,,,,,,,,,,18150.72,,,,,,,,,,,,,,,,,,,
2018-07-20 16:00:00,,,,,,3.3484952730356508,,,,,,,,,,,,,,,,,,,,,,,,,,,,,,,19651.24,25841.42,,,,,,,,,,11710.71,,,,,,,,
2018-12-17 06:00:00,,,,,,,,,,,,,,,,,,,,,,,,,,,,,,,,,,0.0343,,,,,,,,,,,,,,,,,,,,,,
2019-03-22 19:00:00,,,,,,,,0.0131,,,994.2,,,0.011,,,,3.0295590643213224,,,998.3,,,15.97,,,,,,,,,,,,,,,,,,,,,,,,,,,,,,,,
2020-02-12 12:00:00,,,,,,,,,,,,,,,,,,,,,,,,,,,,,,,,,,,,,,,,,0.0251,,,,,,,,,,,,,,,
2019-07-15 18:00:00,,,,,,,,,,,,,,,,,,,,,,,,,,,,,,,,,,,,,18576.74,22304.2,,,,,,,,,,11327.32,,,,,,,,
2019-12-08 21:00:00,,,,,,,,,95.0,,,,0.0119,,,,,,,,,,,,,,,,,,,,,,,0.0061,,,,,,,,,,,,,,,,,,,,
2018-08-21 17:00:00,,,,,,,,,,,,,,,,,,,,3.0109832987342333,,,,,,,,3.022918177590282,,,,,,,,,20269.85,21893.04,,,,,,,,,,12308.37,,,,,,,,
2018-08-26 16:00:00,,,,,,,,,,,,,,,,,,,,,,,,,,,,,,,,,,,,,17940.41,22146.53,,,,,,,,,,11106.89,,,,,,,,
2018-07-10 17:00:00,,,,,,,,,,,,,,,,,,,,,,,,,,,,,,,,,,,,,18345.82,,,,,,,,,,,,,,,,,,,
2020-02-14 23:00:00,,,,,,,,,,,,,,,,,,,,,,,,,,,,,,,,,,,,,,,,,,,,,1032.3,,,,,,,,,,,
2018-09-10 15:00:00,,,,,,,,0.0226,,,,,,,,,,,,,,,,,,,,,,,,,,,,,,,,,,,,,,,,,,,,,,,,
2019-10-11 14:00:00,,,,,,,,,,,,,,,,,,,,,,,,,,,,,,,,,,,,,,,,,,,,,,,,,18.67,,,,,,,
2019-08-15 15:00:00,,,,,,,,,,,,,,,,,,,,,,,,,,,,,,,,,,,,,19370.29,23036.51,,,,,,,,,,11910.82,,,,,,,,
2019-07-12 00:00:00,,,,,,,,,,,,,,0.1847,,,,,,,,,,,5.774613438713344,,,,,,,,,,,,,,,,,,,,,,,,,,,,,,,
2018-08-08 15:00:00,,,,,,,,,,,,,,,,,,,,,,,,,,,,,,,,,,,,,18210.72,,,,,,,,,,,11039.9,,,,,,,,
2019-08-24 00:00:00,,,,,,,,,,,,,,0.0093,,,,,,,,,,,,,,,,,,,,,,,,,,,,,,,,,,,,,,,,,,
2018-06-01 18:00:00,,,,,,,,,,,,,,,,,,,,,,,,,,,,,,,,,,,,,18598.5,22962.91,,,,,,,,,,11408.2,,,,,,,,
2019-08-16 20:00:00,,,,,,,,,,,,,,,,,,,,,,,,,,,,,,,,,,,,,17963.55,22680.13,,,,,,,,,,11914.87,,,,,,,,
2018-08-29 16:00:00,,,,,,,,,,,,,,,,,,,,,,,,,,,,,,,,,,,,,,23875.18,,,,,,,,,,11748.62,,,,,,,,
